{
    "name": "test01",
    "vendorId": "0xFEED",
    "productId": "0x0000",
    "matrix": {
        "rows": 6,
        "cols": 7
    },
    "layouts": {
        "labels": [
            [
                "Layout",
                "LAYOUT"
            ]
        ],
        "keymap": [
            [
                {
                    "x": 0.5
                },
                "0,0\n\n\n0,0",
                "0,1\n\n\n0,0",
                "0,2\n\n\n0,0",
                "0,3\n\n\n0,0",
                "0,4\n\n\n0,0",
                "0,5\n\n\n0,0",
                "0,6\n\n\n0,0"
            ],
            [
                {
                    "x": 0.5,
                    "w": 1.5
                },
                "1,0\n\n\n0,0",
                "1,1\n\n\n0,0",
                "1,2\n\n\n0,0",
                "1,3\n\n\n0,0",
                "1,4\n\n\n0,0",
                "1,5\n\n\n0,0"
            ],
            [
                {
                    "x": 0.5,
                    "w": 1.75
                },
                "2,0\n\n\n0,0",
                "2,1\n\n\n0,0",
                "2,2\n\n\n0,0",
                "2,3\n\n\n0,0",
                "2,4\n\n\n0,0",
                "2,5\n\n\n0,0"
            ],
            [
                {
                    "w": 1.25
                },
                "3,0\n\n\n0,0",
                {
                    "w": 1.25
                },
                "3,1\n\n\n0,0",
                "3,2\n\n\n0,0",
                "3,3\n\n\n0,0",
                "3,4\n\n\n0,0",
                "3,5\n\n\n0,0",
                "3,6\n\n\n0,0"
            ],
            [
                {
                    "w": 1.25
                },
                "4,0\n\n\n0,0",
                {
                    "w": 1.25
                },
                "4,1\n\n\n0,0",
                {
                    "w": 1.25
                },
                "4,2\n\n\n0,0",
                {
                    "w": 1.25
                },
                "4,3\n\n\n0,0",
                {
                    "w": 1.25
                },
                "4,4\n\n\n0,0"
            ],
            [
                {
                    "x": 3.889999999999997
                },
                "5,4\n\n\n0,0",
                "5,5\n\n\n0,0"
            ],
            [
                {
                    "r": 20,
                    "rx": 6.62370218367164,
                    "ry": 4.041391100028505
                },
                "4,5\n\n\n0,0"
            ],
            [
                {
                    "r": 20,
                    "rx": 6.243702183671639,
                    "ry": 5.046391100028508
                },
                "5,6\n\n\n0,0"
            ]
        ]
    }
}